Poem Name,Poet,Line,Metaphor present or not,Count of the metaphor,Metaphorical terms
පාන්දරම,මහේන් සූරි,කැකුළු මලක සුවඳයි ලඟ දැවටෙන කෙහෙරැලි ගොන්නේ,yes,1,කැකුළු මලක සුවඳයි 
පාන්දරම,මහේන් සූරි,යහළු වෙලා මටත් හොරෙන් සියොළඟ කිති කවමින්නේ,no,0,
පාන්දරම,මහේන් සූරි,මුකුළු හෙළයි තොරක් නැතිව සුදු සඳ රැස් රෑ පින්නේ,no,0,
පාන්දරම,මහේන් සූරි,එකලු කරයි ආත්මයම නුඹෙ සිසි වත මල් දුන්නේ,yes,1,නුඹෙ සිසි වත මල් දුන්නේ
අප්පච්චී,මහේන් සූරි,ඝන නිල් අහස යට තුරු ගොමුවක විසුම,no,0,
අප්පච්චී,මහේන් සූරි,දහඩිය සුවඳ තුරුලේ මද නල යැපුම,no,0,
අප්පච්චී,මහේන් සූරි,ඔබෙ රළු කයට බරවී සෙනෙහස ලැබුම,no,0,
අප්පච්චී,මහේන් සූරි,මට දෙව්ලොවකි අප්පච්චී තනිකරම,yes,1,දෙව්ලොවකි අප්පච්චී
ඈ,අනුර ගුණතිලක,දරන්නට සිතට බැහැ දුකත් මහමෙර තරන්,yes,1,දුකත් මහමෙර තරන්
ඈ,අනුර ගුණතිලක,නො එන්නම දෙතොලඟට නොදුන්නෙමි සිර කරන්,no,0,
ඈ,අනුර ගුණතිලක,‍රැඳෙන්නිය අසරණිය සිතින් හැම දෙය දරන්,no,0,
ඈ,අනුර ගුණතිලක,හඬන්නද කෙලෙස මා ඉතින් කඳුලැලි පෙරන්,no,0,
අසිරිය,අනුර ගුණතිලක,මිහිඳුම් සළු හිමිදිරියේ පෙම්වතෙකු ලෙසින්,yes,1,මිහිඳුම් සළු හිමිදිරියේ
අසිරිය,අනුර ගුණතිලක,දිය සේලය වැළඳ ගනියි සංවාසය ලෙසින්,no,0,
අසිරිය,අනුර ගුණතිලක,ප්‍රේමාලිංගනයෙහි රස විඳිනෙමි සිත තොසින්,no,0,
අසිරිය,අනුර ගුණතිලක,දෙනුවන් ඇද බැඳ තබනුයේ මන් මත් වන රසින්,no,0,
අසිරිය,අනුර ගුණතිලක,කඳු මුදුනින් උපත ලබා දිය බුබුළක වෙසින්,no,0,
අසිරිය,අනුර ගුණතිලක,ගලා හැලෙන සුදු සේලය දුටිමි සොඳුරු ඇසින්,yes,1,ගලා හැලෙන සුදු සේලය
අසිරිය,අනුර ගුණතිලක,විඳ ගත්තෙමි මිහිරියාව සොබා දමෙහි රසින්,no,0,
අසිරිය,අනුර ගුණතිලක,එහි අසිරිය සිරිය මවයි සිතුවම් කවි බසින්,no,0,
රඟන රැඟුම්,අනුර ගුණතිලක,ඇසුම දැකුම වැදි බණ ලෙස දෙසන දෙසුම්,no,0,
රඟන රැඟුම්,අනුර ගුණතිලක,පවක උපත මනු දම් මුව අගුළු වැසුම්,yes,1,පවක උපත මනු දම් මුව අගුළු වැසුම්
රඟන රැඟුම්,අනුර ගුණතිලක,ඇසෙන විටදි සරසවි මව හෙළන සුසුම්,no,0,
රඟන රැඟුම්,අනුර ගුණතිලක,සිතුණි මෙමට පිපෙනු කුමට දුගඳ කුසුම්,no,0,
දිනක ඇරඹුම,අනුර ගුණතිලක,දුක සැප හමුවෙහි දිවියක්,no,0,
දිනක ඇරඹුම,අනුර ගුණතිලක,පරිණත කම හොඳ අවියක්,yes,1,පරිණත කම හොඳ අවියක්
දිනක ඇරඹුම,අනුර ගුණතිලක,දිවියට ගෙන දෙන සවියක්,no,0,
දිනක ඇරඹුම,අනුර ගුණතිලක,දවසක ඇරඹුම කවියක්,no,0,
දිනක ඇරඹුම,අනුර ගුණතිලක,විටකදි සිත දිය සුළියක්,yes,1,සිත දිය සුළියක්
දිනක ඇරඹුම,අනුර ගුණතිලක,දිනකදි තව ගිනි කෙළියක්,yes,1,දිනකදි තව ගිනි කෙළියක්
දිනක ඇරඹුම,අනුර ගුණතිලක,නොමවනු උතුරන හැළියක්,no,0,
දිනක ඇරඹුම,අනුර ගුණතිලක,දිවියට දෙමු කල එළියක්,no,0,
බණ පොතක්,අනුර ගුණතිලක,අබියෝග හමුවේ නොසැලේවි කවි සිතක් ,no,0,
බණ පොතක්,අනුර ගුණතිලක,අද විඳින දුක සුසුම හෙට දිනයෙ සරු කෙතක්,yes,1,දුක සුසුම හෙට දිනයෙ සරු කෙතක්
බණ පොතක්,අනුර ගුණතිලක,කඳුළේ දි හිනැහෙන්න කරගෙනම මෙය මතක්,no,0,
බණ පොතක්,අනුර ගුණතිලක,ඉවසීම සැනසීම ගෙන දෙන ම බණ පොතක්,yes,1,ඉවසීම සැනසීම ගෙන දෙන ම බණ පොතක්
ඇලීම්,අනුර ගුණතිලක,මා වටා නෙත් රැසක්,no,0,
ඇලීම්,අනුර ගුණතිලක,ආදරෙන් සිත් ගොඩක්,no,0,
ඇලීම්,අනුර ගුණතිලක,ඒ වුණත් ඇලීමත්,no,0,
ඇලීම්,අනුර ගුණතිලක,ගැලීමක් ගිනි ගොඩක්,yes,1,ගැලීමක් ගිනි ගොඩක්
සිඟිති දුවේ,අනුර ගුණතිලක,ළදලු සදිසි සුමුදු ලවන්,yes,1,ළදලු සදිසි සුමුදු ලවන්
සිඟිති දුවේ,අනුර ගුණතිලක,සලනුයෙ සිත නිවන පවන්,no,0,
සිඟිති දුවේ,අනුර ගුණතිලක,පියාසලා ගතව ගුවන්,no,0,
සිඟිති දුවේ,අනුර ගුණතිලක,එන්න සිතෙයි ළඟට දුවන්,no,0,
දෙව්දුව,අනුර ගුණතිලක,අඳුරට පාර පෙන්වන තාරකාවක්,no,0,
දෙව්දුව,අනුර ගුණතිලක,දිවි සරතැස නිවාලයි පා සිනාවක් ,no,0,
දෙව්දුව,අනුර ගුණතිලක,නොම දුන් කිසිම විටෙකදි වේදනාවක්,no,0,
දෙව්දුව,අනුර ගුණතිලක,ඇය මට දෙව්දුවකි එය වාසනාවක්,yes,1,ඇය මට දෙව්දුවකි
දෙව්දුව,අනුර ගුණතිලක,සුළු දෙයකට ද නෙතඟට කඳුළැලි පිරුණ,no,0,
දෙව්දුව,අනුර ගුණතිලක,අවිහිංසක ගුණය ගැන කරනුයෙ වරුණ,no,0,
දෙව්දුව,අනුර ගුණතිලක,දවසින් දවස පෙම් සිත වනුයෙද තරුණ,no,0,
දෙව්දුව,අනුර ගුණතිලක,සම කළ උවම සොඳුරිය හිමිදිරි අරුණ,yes,1,සොඳුරිය හිමිදිරි අරුණ
තරු හඬයි ,අනුර ගුණතිලක,හෙළූ කඳුලැලි බිංදු නෙතු අගින් ගිලිහිලා,no,0,
තරු හඬයි ,අනුර ගුණතිලක,මට හොරෙන් ඉගිල ගොස් නුබ ගැබෙහි තරු වෙලා,yes,1,නුබ ගැබෙහි තරු වෙලා
තරු හඬයි ,අනුර ගුණතිලක,නිවෙනුයෙ දිලෙනුයේ ඈත රැඳෙමින වලා,no,0,
තරු හඬයි ,අනුර ගුණතිලක,ඔබ සතුටු වනවාද ඒ දෙසම බල බලා,no,0,
යුතුකම,අනුර ගුණතිලක,එකම මඟක ගමන් කළත් සැකය මතින් බේදයක්‍ ය,no,0,
යුතුකම,අනුර ගුණතිලක,මිතුරු කමත් නසන ගමන් එතැන ඉඳන් වාදයක් ය,no,0,
යුතුකම,අනුර ගුණතිලක,හොරණෑ සම බටනළාව නමුදු වෙනස් තාලයක් ය,no,0,
යුතුකම,අනුර ගුණතිලක,දෙපැත්තටම රවුම් දුවන මිනිස් සිතත් රෝදයක් ය,yes,1,මිනිස් සිතත් රෝදයක් ය
අවසර ද ...,අනුර ගුණතිලක,කාලයේ වැලිතලා,yes,1,කාලයේ වැලිතලා
අවසර ද ...,අනුර ගුණතිලක,යට කළත් අතීතය,no,0,
අවසර ද ...,අනුර ගුණතිලක,ජීවිතේ වෙනස්කම්,no,0,
අවසර ද ...,අනුර ගුණතිලක,ඉවසීමි හිනැහෙමින්,no,0,
කවිය නම් ...,අනුර ගුණතිලක,"පළඳනුයෙ සළුපිළිය අරුත, රස, ගුණ බැඳුණු",no,0,
කවිය නම් ...,අනුර ගුණතිලක,අතුරනුයෙ මනු දහම සයුරටය දිය සිඳුණු,yes,1,මනු දහම සයුරටය දිය සිඳුණු
කවිය නම් ...,අනුර ගුණතිලක,සරි කරනු බැරි වුවද දිය බඳුන යළි බිඳුණු,no,0,
කවිය නම් ...,අනුර ගුණතිලක,සැනසුමක මිස කුමට කැළඹුමක තතු රැඳුණු,no,0,
මුළු ලොවම කවියක්,අනුර ගුණතිලක,කවිය මහ සවියක්,no,0,
මුළු ලොවම කවියක්,අනුර ගුණතිලක,වරද හමුවෙ දි අවියක්,yes,1,වරද හමුවෙ දි අවියක්
මුළු ලොවම කවියක්,අනුර ගුණතිලක,සනසවන දිවියක්,no,0,
මුළු ලොවම කවියක්,අනුර ගුණතිලක,කවියකුට මුළු ලොවම කවියක්,yes,1,මුළු ලොවම කවියක්
ඉතින් අවසරයි,අනුර ගුණතිලක,ගෙත්තමක් ගෙතු සේ එකට බැඳි අතට අත,no,0,
ඉතින් අවසරයි,අනුර ගුණතිලක,දස්කමක් වුණාවේ බෙදී ගිය කුලක නැත,no,0,
ඉතින් අවසරයි,අනුර ගුණතිලක,සිත්තමක් සිනාසෙයි පිවිතුරුය සෙනෙහෙ සිත,yes,1,සිත්තමක් සිනාසෙයි පිවිතුරුය සෙනෙහෙ සිත
ඉතින් අවසරයි,අනුර ගුණතිලක,විස්කමක් කළා මෙහි ඇත්තමයි මුහුණු පොත,no,0,
විරහව,අනුර ගුණතිලක,නිම් තෙරක් නොදුටු ගමන් මගේ මිරිඟු දියක් වෙලා,no,0,
විරහව,අනුර ගුණතිලක,සිත තළා පෙළා මුළාවකින් මාව අහිමි කළා,no,0,
විරහව,අනුර ගුණතිලක,සැදූ අනාගතේ සිහින විමන් සැණින් බිමට හෙළා,yes,1,අනාගතේ සිහින විමන්
විරහව,අනුර ගුණතිලක,දුර අතීතයේ සොඳුරු මතක ඔබ මිහිදන් කළා,no,0,
අහිසකාවිය,අනුර ගුණතිලක,යක් වෙස් ගත් නෙත්,yes,1,යක් වෙස් ගත් නෙත්
අහිසකාවිය,අනුර ගුණතිලක,බැල්මක රිදුමෙන් ,no,0,
අහිසකාවිය,අනුර ගුණතිලක,අසරණ කරමින්,no,0,
අහිසකාවිය,අනුර ගුණතිලක,හැඬවීය අහිංසකාවිය,no,0,
රැය,අනුර ගුණතිලක,මුමුණයි රස රහස්,no,0,
රැය,අනුර ගුණතිලක,දිලෙමින් තරු අඹරේ,no,0,
රැය,අනුර ගුණතිලක,සොබදම් කුමරියගේ,yes,1,සොබදම් කුමරියගේ
රැය,අනුර ගුණතිලක,අරුමය පුදුමය කියා,no,0,
උරුමය,අනුර ගුණතිලක,කුමටද වෙනසක්,no,0,
උරුමය,අනුර ගුණතිලක,ජාති කුල මල ආගම්,no,0,
උරුමය,අනුර ගුණතිලක,ඉවතට ලමු කෝලම්,no,0,
උරුමය,අනුර ගුණතිලක,තනමුද සමගියේ පාලම්,yes,1,සමගියේ පාලම්
දිගුව,අනුර ගුණතිලක,නිවහන විය සිරුර,yes,1,නිවහන විය සිරුර
දිගුව,අනුර ගුණතිලක,මම වෙමි එහි දොර යතුර,yes,1,මම වෙමි එහි දොර යතුර
දිගුව,අනුර ගුණතිලක,යන දිනයකි මෙය අතැර,no,0,
දිගුව,අනුර ගුණතිලක,කිසිවකු නොම වන නතර,no,0,
සොඳුරු හදවත්,අනුර ගුණතිලක,සොබා දම රහසක්,yes,1,සොබා දම රහසක්
සොඳුරු හදවත්,අනුර ගුණතිලක,පිපෙයි මල් දස දහසක්,no,0,
සොඳුරු හදවත්,අනුර ගුණතිලක,සොඳුරුතම පහසක්,no,0,
සොඳුරු හදවත්,අනුර ගුණතිලක,ලැබෙන සුවබර නැවුම් දවසක්,no,0,
ලොවම දිනා,අනුර ගුණතිලක,සිනහව දැක සිඟිති මුවේ,no,0,
ලොවම දිනා,අනුර ගුණතිලක,විඳිනෙමි ලොව අමිල සුවේ,no,0,
ලොවම දිනා,අනුර ගුණතිලක,රන් මිණි මුතු කුමට ලොවේ,no,0,
ලොවම දිනා,අනුර ගුණතිලක,මගෙ වස්තුව නුඹය දුවේ,yes,1,මගෙ වස්තුව නුඹය
ලොවම දිනා,අනුර ගුණතිලක,මිණි පහනකි එළිය දෙනා,yes,1,මිණි පහනකි එළිය දෙනා
ලොවම දිනා,අනුර ගුණතිලක,නිවසට සිරි අසිරි ගෙනා,no,0,
ලොවම දිනා,අනුර ගුණතිලක,සුරලොව සුරඟනකි මෙනා,no,0,
ලොවම දිනා,අනුර ගුණතිලක,මුළු ලොව මම ගතිමි දිනා,no,0,
ගස් වවමු,අනුර ගුණතිලක,සිතුවිලි ගිනිගත් නිවමු,no,0,
ගස් වවමු,අනුර ගුණතිලක,නුවණැස නම් පැන් පොවමු,yes,1,නුවණැස නම් පැන් පොවමු
ගස් වවමු,අනුර ගුණතිලක,සුබ පණිවිඩයක් යවමු,no,0,
ගස් වවමු,අනුර ගුණතිලක,හැම තැනකම ගස් වවමු,no,0,
ඇය ගියදා,අනුර ගුණතිලක,තණ අග පිනි වැනිය හඳුනන නමුදු පණක්,no,0,
ඇය ගියදා,අනුර ගුණතිලක,සවනට වැකෙන විට වදයකි දෙසන බණක්,yes,1,වදයකි දෙසන බණක්
ඇය ගියදා,අනුර ගුණතිලක,මතකය මියෙනවද හැරගිය විටෙක දිනක්,no,0,
ඇය ගියදා,අනුර ගුණතිලක,මට මා දකින්නට හෙට සිට නොමැත පිනක්,no,0,
මහ ගසක්,අනුර ගුණතිලක,හමුවීම සැනසුමක්,yes,1,හමුවීම සැනසුමක්
මහ ගසක්,අනුර ගුණතිලක,වෙන්වීම වැලපුමක්,yes,1,වෙන්වීම වැලපුමක්
මහ ගසක්,අනුර ගුණතිලක,නොමැති තැන පිළියමක්,no,0,
මහ ගසක්,අනුර ගුණතිලක,පසක් කරනුයෙ යමක්,no,0,
මහ ගසක්,අනුර ගුණතිලක,කරමු කළ යුතු වැඩක්,no,0,
මහ ගසක්,අනුර ගුණතිලක,කාලයට දෙමු ඉඩක්,no,0,
මහ ගසක්,අනුර ගුණතිලක,වැදෙන දිනයක මඩක්,no,0,
මහ ගසක්,අනුර ගුණතිලක,නිහඬ බව මහ හඬක්,yes,1,නිහඬ බව මහ හඬක්
සුර දේවතාවි,අනුර ගුණතිලක,දුක් ගින්දරෙන් දැවමිනේ මට මා සොයා දුන්,no,0,
සුර දේවතාවි,අනුර ගුණතිලක,ඒ වන් සෙනේ මවකගේ කරුණා දයාවෙන්,no,0,
සුර දේවතාවි,අනුර ගුණතිලක,මාගෙ හද දිවිතුරා නොමියේ සදාකල්,no,0,
සුර දේවතාවි,අනුර ගුණතිලක,පින්වන්ති ඈ සුරලොවේ සුර දේවතාවී,yes,1,පින්වන්ති ඈ සුරලොවේ සුර දේවතාවී
කඳුලක සතුට ,අනුර ගුණතිලක,හදවත ගැහෙනවා ගිඩි ගිඩි හඬ සද්දෙන්,no,0,
කඳුලක සතුට ,අනුර ගුණතිලක,යන මග බියකරුය රුදුරු ය වන මැද්දෙන්,no,0,
කඳුලක සතුට ,අනුර ගුණතිලක,හී සර වදන් පෙළ හද පතුලට විද්දෙන්,yes,1,හී සර වදන් පෙළ
කඳුලක සතුට ,අනුර ගුණතිලක,වෑහෙන රුහිරු මත සැනසුම ලැබ ගද්දෙන්,no,0,
කඳුලක සතුට ,අනුර ගුණතිලක,දිවයුරු දවනු මෙනි කුපිතව තද ගින්නෙන්,no,0,
කඳුලක සතුට ,අනුර ගුණතිලක,ඉවසා සැනසුණේ සිතුවිලි තෙත පින්නෙන්,no,0,
කඳුලක සතුට ,අනුර ගුණතිලක,කන්දක බර දරයි කඳු පාමුල තැන්නෙන්,no,0,
කඳුලක සතුට ,අනුර ගුණතිලක,වන්නෙමි පන්හිඳක් විදි හීයට දුන්නෙන්,yes,1,වන්නෙමි පන්හිඳක් විදි හීයට
උසාවියේදී,අනුර ගුණතිලක,දුක් වෙලා පලක් නැහැ වින්ඳෙ දුක් කන්දක් ය,no,0,
උසාවියේදී,අනුර ගුණතිලක,සිත් බිඳුණු හදනු බැහැ ආදරය ගින්නක් ය,yes,1,ආදරය ගින්නක් ය
උසාවියේදී,අනුර ගුණතිලක,හී තලය නැන්දණිය ඔබ සදිසි දුන්නක් ය,yes,1,ඔබ සදිසි දුන්නක් ය
උසාවියේදී,අනුර ගුණතිලක,මින් පෙරදි මා නොලද සුවබරම නින්දක් ය,no,0,
උසාවියේදී,අනුර ගුණතිලක,ඇරඹුමක වෙන්වීම මඟ සැදුවෙ විවාදය,no,0,
උසාවියේදී,අනුර ගුණතිලක,පසු තැවිලි වනු කුමට හේතුවකි පමාදය,no,0,
උසාවියේදී,අනුර ගුණතිලක,ගිනි ගොඩක මා දැවුණු බැඳුමකි ය කසාදය,yes,1,ගිනි ගොඩක මා දැවුණු බැඳුමකි ය කසාදය
උසාවියේදී,අනුර ගුණතිලක,දිනුවාය සිතුවාට ජීවිතය පරාද ය,no,0,
තඹරමලී,අනුර ගුණතිලක,සතුට සදන ම හද විලේ,no,0,
තඹරමලී,අනුර ගුණතිලක,පිපුණු සුවඳ කැකුළු මලේ,no,0,
තඹරමලී,අනුර ගුණතිලක,සඳුගෙ රුවට සමව දිලේ,no,0,
තඹරමලී,අනුර ගුණතිලක,පහන නුඹයි දුවණි පැලේ,yes,1,පහන නුඹයි දුවණි
පුතු,අනුර ගුණතිලක,සුරතලයට වගේ,no,0,
පුතු,අනුර ගුණතිලක,මුළු දවසෙම දඟේ,no,0,
පුතු,අනුර ගුණතිලක,වස්තුව මට අගේ,yes,1,වස්තුව මට අගේ
පුතු,අනුර ගුණතිලක,පුත නුඹ බව හැඟේ,no,0,
පුතු,අනුර ගුණතිලක,සතුටු කඳුළු නෙතේ,no,0,
පුතු,අනුර ගුණතිලක,රහසකි හදවතේ,no,0,
පුතු,අනුර ගුණතිලක,දරු සෙනෙහස සිතේ,no,0,
පුතු,අනුර ගුණතිලක,මහ බලයකි පුතේ,yes,1,මහ බලයකි පුතේ
කතිකාවක වග,අනුර ගුණතිලක,සොඳිනා පද උඩු යටිකර විස්තර කළ අරුමේ,no,0,
කතිකාවක වග,අනුර ගුණතිලක,ඇසෙනා සඳ ඇවැසිය මට චිත්තය මඟ හැරුමේ,no,0,
කතිකාවක වග,අනුර ගුණතිලක,මොනවා හරි දොඩවන එක පණ්ඩිතයගෙ උරුමේ,no,0,
කතිකාවක වග,අනුර ගුණතිලක,අසනා අය විඳිනා රස වින්දනයද කරුමේ,yes,1,විඳිනා රස වින්දනයද කරුමේ
කවිය නොමරමු,අනුර ගුණතිලක,රස ගුණ නසා බිලිදෙන බිය සැක නැතුව,no,0,
කවිය නොමරමු,අනුර ගුණතිලක,සරසවි මවත් විකුණයි ධනයට නතුව,no,0,
කවිය නොමරමු,අනුර ගුණතිලක,හැකිකම මරන බැරිකම බොරුවක එතුව,no,0,
කවිය නොමරමු,අනුර ගුණතිලක,මිණිකැට යටව ගොම රිටි ඇත උඩ මතුව,yes,1,මිණිකැට යටව ගොම රිටි ඇත උඩ මතුව
කවිය නොමරමු,අනුර ගුණතිලක,නොමැති ය ජාති කුල මල ආගම් කුලක ,no,0,
කවිය නොමරමු,අනුර ගුණතිලක,කවි සිත සදිසිම ය රැඳි සිසිලස දොළක,yes,1,කවි සිත සදිසිම ය රැඳි සිසිලස දොළක
කවිය නොමරමු,අනුර ගුණතිලක,නිරුවත දුටිමි රඟදෙන මඩ පිරි වළක,no,0,
කවිය නොමරමු,අනුර ගුණතිලක,දැකුමත් අපුල ගෙන දුනි වියෞව පිලක,no,0,
කලකිරීම,අනුර ගුණතිලක,ආදරය සුන්දරයි එය සොඳුරු කලාවක්,yes,1,ආදරය සුන්දරයි එය සොඳුරු කලාවක්
කලකිරීම,අනුර ගුණතිලක,ඒ නමුත් මා හමුවෙ අද එයද මුළාවක්,no,0,
කලකිරීම,අනුර ගුණතිලක,ජීවිතයෙ නැහැ එයට ඉඩක් යළි වෙලාවක්,no,0,
කලකිරීම,අනුර ගුණතිලක,ගිහි දිවිය ඇත්තටම වල් වැදුණු කැලෑවක්,yes,1,ගිහි දිවිය ඇත්තටම වල් වැදුණු කැලෑවක්
රිදුණු සිතක්,අනුර ගුණතිලක,ඔබේ පසු පස සදා රැඳුණෙමි පහන් තරුවක් වී,yes,1,පහන් තරුවක් වී
රිදුණු සිතක්,අනුර ගුණතිලක,බැඳී සිටියෙමි පිදූ සෙනෙහස තුළින් පවුරක් වී,yes,1,සෙනෙහස තුළින් පවුරක් වී
රිදුණු සිතක්,අනුර ගුණතිලක,හැමූ මඳ නල පවා නොසිතුව ලෙසින් සුළඟක් වී,no,0,
රිදුණු සිතක්,අනුර ගුණතිලක,තළා දැමුවෙ ය මගෙ හදවත මෙවන් විපතක් වී,no,0,
පුතුනි මගේ,අනුර ගුණතිලක,දිවියෙහි මඟ කියනු වගේ,no,0,
පුතුනි මගේ,අනුර ගුණතිලක,ඉගෙනුම සරු කෙතකි අගේ,yes,1,ඉගෙනුම සරු කෙතකි
පුතුනි මගේ,අනුර ගුණතිලක,නොකරම එය ළඟදි දඟේ,no,0,
පුතුනි මගේ,අනුර ගුණතිලක,ලොව ජය ගනු පුතුනි මගේ,no,0,
පුතුනි මගේ,අනුර ගුණතිලක,ලැබගෙන දෙවි රැකවරණේ,no,0,
පුතුනි මගේ,අනුර ගුණතිලක,නම සුරකිමු හෙළ දෙරණේ,no,0,
පුතුනි මගේ,අනුර ගුණතිලක,පුතු මට හිරු සඳු තරුනේ,yes,1,පුතු මට හිරු සඳු තරුනේ
පුතුනි මගේ,අනුර ගුණතිලක,පිහිටයි තිසරණ සරණේ,no,0,
කලා සේවය,මහේන් සූරී,රට දැය සමය වෙත නිති අභිමන් පාන,no,0,
කලා සේවය,මහේන් සූරී,පරසිත් විමසනා දස්කම් කරලාන,no,0,
කලා සේවය,මහේන් සූරී,සාහිත දැනුම හෙළයට නොඅඩුව ගේන,no,0,
කලා සේවය,මහේන් සූරී,පිණි බිඳු දමන කඩුවකි කවියගෙ පෑන,yes,1,කඩුවකි කවියගෙ පෑන
මවු මරා උපන් කුමරු,මහේන් සූරී,මගෙ සිත නිවේ බිහි වූ දින සිහි කෙරුම,no,0,
මවු මරා උපන් කුමරු,මහේන් සූරී,මදහස පෑව නුඹෙ අම්මා ගැන කියුම,no,0,
මවු මරා උපන් කුමරු,මහේන් සූරී,මනලොල් සුරඟනකි විහිදුන මුදු කැළුම,yes,1,සුරඟනකි විහිදුන මුදු කැළුම
මවු මරා උපන් කුමරු,මහේන් සූරී,මට තව සිහිනයකි ඇගෙ හුස්මක වැරැම,yes,1,සිහිනයකි ඇගෙ හුස්මක වැරැම
ගැහැණු හිත,මහේන් සූරී,පෙම් කල සියුම් තැණ්වල මනකල් පුරන,no,0,
ගැහැණු හිත,මහේන් සූරී,රසඳුන නුඹයි දිවිමංතලයෙහි සරන,yes,1,රසඳුන නුඹයි
ගැහැණු හිත,මහේන් සූරී,කරුණකි දිවා රැය සියලඟ කිති කවන,no,0,
ගැහැණු හිත,මහේන් සූරී,හැඩි දැඩි සිරුර ගිණි දල්වයි ඉසි වුවන,no,0,
ගැහැණු හිත,මහේන් සූරී,මතකය කීරි ගැහෙනව තවමත් හිතට,no,0,
ගැහැණු හිත,මහේන් සූරී,සිහිනය පසමිතුරු උණුහුම නැති රැයට,no,0,
ගැහැණු හිත,මහේන් සූරී,ලැබුනත් මෙවුන්දම් පෙම පිහිනා ළයට,no,0,
ගැහැණු හිත,මහේන් සූරී,ඔහු මට සෙල්මුවා පිළිමෙකි මගෙ ලොවට,yes,1,ඔහු මට සෙල්මුවා පිළිමෙකි
යථාර්තුක ලීලා,මහේන් සූරී,හමමින් මදනලේ මල්කෙමි පොකුරු සිප,no,0,
යථාර්තුක ලීලා,මහේන් සූරී,තැවරුණ දෙමට කුසුමකි ඇය සුවඳ ඔප,yes,1,දෙමට කුසුමකි ඇය
යථාර්තුක ලීලා,මහේන් සූරී,පුන්සඳ මඬල වැජඹෙන විට ඇයට කැප,no,0,
යථාර්තුක ලීලා,මහේන් සූරී,සාවිය රස විඳී ඇයගේ දැකුම් තෙප,no,0,
නූතනයේ සාම්ප්‍රදායික විරහව,මහේන් සූරී,ඇත්තයි ඔබේ සෙනෙහස එදවස රහය,no,0,
නූතනයේ සාම්ප්‍රදායික විරහව,මහේන් සූරී,ගන්නෙමි ඇඟිලි අමතන තුරු රෑ දහය,no,0,
නූතනයේ සාම්ප්‍රදායික විරහව,මහේන් සූරී,නොලදින් අපිට අපෙ වෙන්නට ඔබෙ සහය,no,0,
නූතනයේ සාම්ප්‍රදායික විරහව,මහේන් සූරී,පෙම්වත අදින් පසු ඔබ අඳුකොල වහය,yes,1,ඔබ අඳුකොල වහය
කවි සිතුවිලි,නිසංසලා පෙරේරා,නුඹ නිල් අහසක් වේ නම් ,yes,1,නුඹ නිල් අහසක්
කවි සිතුවිලි,නිසංසලා පෙරේරා,මම තනි තරුවක් වෙන්නම්,yes,1,මම තනි තරුවක්
කවි සිතුවිලි,නිසංසලා පෙරේරා,සඳ නැති කලුවර රැයකදි ,no,0,
කවි සිතුවිලි,නිසංසලා පෙරේරා,තනිය මකන්නම්,no,0,
කවි සිතුවිලි,නිසංසලා පෙරේරා,නුඹ මහ සයුරක් වේ නම් ,yes,1,නුඹ මහ සයුරක්
කවි සිතුවිලි,නිසංසලා පෙරේරා,වෙරලේ වැලි කැට වෙන්නම්,yes,1,වෙරලේ වැලි කැට වෙන්නම්
කවි සිතුවිලි,නිසංසලා පෙරේරා,දුක හිතෙනා හැන්ඳෑවක ,no,0,
කවි සිතුවිලි,නිසංසලා පෙරේරා,නුඹ සනසන්නම්,no,0,
ගංඟාවේ සංගීතය,එච්. එම්. කුඩලිගම,හිරිමල් සිනා රැළි පෙණ පිඬු මිහිරිතම,yes,1,සිනා රැළි පෙණ පිඬු
ගංඟාවේ සංගීතය,එච්. එම්. කුඩලිගම,ගල් පරවලම හැපි හැපි බිහි කරමි මම,no,0,
ගංඟාවේ සංගීතය,එච්. එම්. කුඩලිගම,සම තැනිතලාවල හමුවෙයි අලසකම,no,0,
ගංඟාවේ සංගීතය,එච්. එම්. කුඩලිගම,නිරසයි අතරමඟ අවහිර නුදුටු බිම,no,0,
මගේ සිත,එස් මහින්ද හිමි,සිත මගේ මල් විලෙකි එහෙයින් සිරි දේවි,yes,1,සිත මගේ මල් විලෙකි
මගේ සිත,එස් මහින්ද හිමි,නිතරම අරක් කොටගෙන එහි වොරැඳේවි,no,0,
මගේ සිත,එස් මහින්ද හිමි,මෙත පැන කුළුණු ගුණ මල් එහි පිබිදේවි,no,0,
මගේ සිත,එස් මහින්ද හිමි,ඉත පෙම් අමොද සුර සුවඳින් ගැවසේවි,no,0,
කවි කළබ,සයුරි ජයරත්න,දුක් වේදනා මැද ඇය ඉපදුණු හැටියේ,no,0,
කවි කළබ,සයුරි ජයරත්න,රන් ඵිළිරුවක් මෙනි මගෙ දෝතට වැඩියේ,no,0,
කවි කළබ,සයුරි ජයරත්න,ඇගෙ කෙළි කවට ගෙනදුනි සැනසුම දිවියේ,no,0,
කවි කළබ,සයුරි ජයරත්න,ඇය විය මිණිපහන මගෙ ජීවන සැරියේ,yes,1,ඇය විය මිණිපහන
සික්කා,නිම්න දෙනුවන්,පිපුනෙ ජීවිතේ මලක් වාගේ,no,0,
සික්කා,නිම්න දෙනුවන්,මල් කිනිත්තකි පවුල මාගේ,yes,1,මල් කිනිත්තකි පවුල මාගේ
සික්කා,නිම්න දෙනුවන්,පවට නොව ගියේ වැරදි පාරේ,no,0,
සික්කා,නිම්න දෙනුවන්,මතට ලොල් කලේ මිතුරානේ,no,0,
මවක් විය මා,මහේන් සූරී,සුදු මල් පිච්ච පැහැයෙන් දිස්නය දුන්න,no,0,
මවක් විය මා,මහේන් සූරී,රන් කොඹුවක හැඩෙන් මනයුරු තලමින්න,no,0,
මවක් විය මා,මහේන් සූරී,මදහස පෑව හංසයො පපුවෙහි උන්න,yes,1,හංසයො පපුවෙහි උන්න
මවක් විය මා,මහේන් සූරී,කිරි බර වෙලා අම්මේ එළියට පැන්න,no,0,
සඳ ඉල්ලලා,මහේන් සූරී,දුටු එක් නිමේෂය මොළකැටි රුවට ඇදි,no,0,
සඳ ඉල්ලලා,මහේන් සූරී,වනමල් පවා නව සුවඳක් ගෙනෙන ලදී ,no,0,
සඳ ඉල්ලලා,මහේන් සූරී,වැසුවත් දෙනෙත මනසින් නුඹ නමට බැඳි,no,0,
සඳ ඉල්ලලා,මහේන් සූරී,ඔය බණ කතා මා සනසනු පිණිස මදි,yes,1,ඔය බණ කතා
දාරකාගාරය,මහේන් සූරී,ආදර කතාවේ රන් මිණි කැදලි තනා,yes,1,ආදර කතාවේ රන් මිණි කැදලි තනා
දාරකාගාරය,මහේන් සූරී,ධාරක සතුට පුරවයි මුදු ටිකිරි සිනා,no,0,
දාරකාගාරය,මහේන් සූරී,ජීවිත අරගලේ මව් පිය සටන දිනා,no,0,
දාරකාගාරය,මහේන් සූරී,කාටද හැකි වුනේ තුලනය කරනු මනා,no,0,
(කොඩි) විනය,මහේන් සූරී,ජය ධජ නඟා ලක් නිදහස අභිමානේ,no,0,
(කොඩි) විනය,මහේන් සූරී,සමරන එක් දිනක් සැම වසරක ඕනේ,no,0,
(කොඩි) විනය,මහේන් සූරී,ලිඛිතව ලැබුන මුත් සුද්දගෙ මල දානේ,no,0,
(කොඩි) විනය,මහේන් සූරී,පර ගැති බීජ වැපිරුණි පියවර ගානේ,yes,1,පර ගැති බීජ වැපිරුණි
රඟ මඬළ,මහේන් සූරී,දුර එක දිනෙක අම්මා හැඬූ ගොලු කඳුළු,no,0,
රඟ මඬළ,මහේන් සූරී,පරවුණු මලක් නිවසම කෙරුවද එකළු,yes,1,පරවුණු මලක් නිවසම කෙරුවද එකළු
රඟ මඬළ,මහේන් සූරී,සරනට වුවමනාමද මේ ලෙස පරළු,no,0,
රඟ මඬළ,මහේන් සූරී,දොරගුලු හැරැණු මුත් වැසිලා දොර කවුළු,no,0,